subfolder_name,step_nr,log_time,eval_return
alien,10000,2025-10-31 15:49:07.064544,225.6999969482422
alien,20000,2025-10-31 16:29:41.835290,140.0
alien,30000,2025-10-31 17:07:22.105296,0.0
alien,40000,2025-10-31 17:44:33.122749,38.20000076293945
alien,50000,2025-10-31 18:22:56.913286,49.5
alien,60000,2025-10-31 19:02:43.475794,285.0
alien,70000,2025-10-31 19:40:14.102227,262.6000061035156
alien,80000,2025-10-31 20:18:39.967712,344.3999938964844
alien,90000,2025-10-31 20:58:31.149428,404.5
alien,100000,2025-10-31 21:40:10.108148,522.9000244140625
alien,110000,2025-10-31 22:21:12.107482,532.0
alien,120000,2025-10-31 23:00:51.545788,370.20001220703125
alien,130000,2025-10-31 23:39:38.207741,426.1000061035156
alien,140000,2025-11-01 00:19:04.678871,474.70001220703125
alien,150000,2025-11-01 00:58:24.643362,439.20001220703125
alien,160000,2025-11-01 01:35:50.889482,450.70001220703125
alien,170000,2025-11-01 02:13:52.552549,464.6000061035156
alien,180000,2025-11-01 02:53:30.751747,558.4000244140625
alien,190000,2025-11-01 03:33:43.930619,583.9000244140625
alien,200000,2025-11-01 04:15:08.504334,774.0999755859375
alien,210000,2025-11-01 04:55:20.429533,825.0999755859375
alien,220000,2025-11-01 05:35:59.858052,682.5
alien,230000,2025-11-01 06:16:38.976580,636.9000244140625
alien,240000,2025-11-01 06:57:30.628633,742.9000244140625
alien,250000,2025-11-01 07:38:00.023810,695.2999877929688
alien,260000,2025-11-01 08:18:08.917551,683.4000244140625
alien,270000,2025-11-01 08:58:14.278302,705.0
alien,280000,2025-11-01 09:38:59.350182,725.2000122070312
alien,290000,2025-11-01 10:19:25.885826,770.0999755859375
alien,300000,2025-11-01 10:59:33.190489,754.5
alien,310000,2025-11-01 11:39:17.874767,750.7000122070312
alien,320000,2025-11-01 12:19:43.403276,778.0
alien,330000,2025-11-01 13:00:23.531837,785.2000122070312
alien,340000,2025-11-01 13:40:16.639766,777.2999877929688
alien,350000,2025-11-01 14:20:28.177691,765.7999877929688
alien,360000,2025-11-01 15:01:56.258936,756.7999877929688
alien,370000,2025-11-01 15:38:59.843965,753.5999755859375
alien,380000,2025-11-01 16:14:03.091822,797.7999877929688
alien,390000,2025-11-01 16:49:25.037953,815.9000244140625
alien,400000,2025-11-01 17:24:35.247982,808.7999877929688
amidar,10000,2025-10-30 14:29:44.411385,2.7200000286102295
amidar,20000,2025-10-30 15:11:06.634366,0.0
amidar,30000,2025-10-30 15:49:47.510890,31.0
amidar,40000,2025-10-30 16:28:00.837189,31.0
amidar,50000,2025-10-30 17:06:50.709951,32.029998779296875
amidar,60000,2025-10-30 17:44:37.738446,31.0
amidar,70000,2025-10-30 18:22:40.102349,31.0
amidar,80000,2025-10-30 19:01:15.769573,31.0
amidar,90000,2025-10-30 19:39:37.899154,31.0
amidar,100000,2025-10-30 20:18:22.087062,33.0
amidar,110000,2025-10-30 20:56:55.230911,33.0
amidar,120000,2025-10-30 21:34:47.561397,34.0
amidar,130000,2025-10-30 22:13:27.644245,34.0099983215332
amidar,140000,2025-10-30 22:52:20.496928,31.0
amidar,150000,2025-10-30 23:31:03.653933,31.0
amidar,160000,2025-10-31 00:09:09.978926,31.0
amidar,170000,2025-10-31 00:46:36.478730,36.08000183105469
amidar,180000,2025-10-31 01:24:29.266487,40.13999938964844
amidar,190000,2025-10-31 02:03:23.468170,47.95000076293945
amidar,200000,2025-10-31 02:42:13.713332,43.040000915527344
amidar,210000,2025-10-31 03:21:51.415683,57.290000915527344
amidar,220000,2025-10-31 04:00:41.270021,48.34000015258789
amidar,230000,2025-10-31 04:39:39.828716,61.11000061035156
amidar,240000,2025-10-31 05:18:13.061776,60.060001373291016
amidar,250000,2025-10-31 05:57:16.910491,58.65999984741211
amidar,260000,2025-10-31 06:35:59.546451,61.36000061035156
amidar,270000,2025-10-31 07:15:20.586993,62.060001373291016
amidar,280000,2025-10-31 07:53:33.980370,56.90999984741211
amidar,290000,2025-10-31 08:31:44.372855,56.119998931884766
amidar,300000,2025-10-31 09:09:47.362302,55.61000061035156
amidar,310000,2025-10-31 09:48:27.085324,54.40999984741211
amidar,320000,2025-10-31 10:27:24.739390,58.16999816894531
amidar,330000,2025-10-31 11:05:07.195887,51.720001220703125
amidar,340000,2025-10-31 11:42:45.603812,51.130001068115234
amidar,350000,2025-10-31 12:25:33.290648,116.94999694824219
amidar,360000,2025-10-31 13:07:14.392313,108.73999786376953
amidar,370000,2025-10-31 13:50:46.551574,125.08999633789062
amidar,380000,2025-10-31 14:33:28.942717,102.63999938964844
amidar,390000,2025-10-31 15:19:05.749893,120.97000122070312
amidar,400000,2025-10-31 16:03:44.286395,117.54000091552734
assault,10000,2025-10-30 11:47:58.355007,300.92999267578125
assault,20000,2025-10-30 12:28:27.771907,367.5
assault,30000,2025-10-30 13:06:32.127135,351.1199951171875
assault,40000,2025-10-30 13:43:50.282158,334.1099853515625
assault,50000,2025-10-30 14:22:41.284609,343.55999755859375
assault,60000,2025-10-30 15:02:16.865577,363.92999267578125
assault,70000,2025-10-30 15:40:29.820728,374.8500061035156
assault,80000,2025-10-30 16:18:28.128403,389.760009765625
assault,90000,2025-10-30 16:56:07.291514,372.5400085449219
assault,100000,2025-10-30 17:32:49.205038,374.2200012207031
assault,110000,2025-10-30 18:10:26.184396,406.55999755859375
assault,120000,2025-10-30 18:48:31.409976,385.3500061035156
assault,130000,2025-10-30 19:26:21.030181,372.9599914550781
assault,140000,2025-10-30 20:04:15.403966,385.55999755859375
assault,150000,2025-10-30 20:42:04.665979,389.3399963378906
assault,160000,2025-10-30 21:19:01.378620,367.5
assault,170000,2025-10-30 21:56:51.031011,387.45001220703125
assault,180000,2025-10-30 22:34:25.522031,406.1400146484375
assault,190000,2025-10-30 23:12:31.835356,400.8900146484375
assault,200000,2025-10-30 23:53:56.482342,398.1600036621094
assault,210000,2025-10-31 00:39:20.597301,469.1400146484375
assault,220000,2025-10-31 01:22:44.183958,522.0599975585938
assault,230000,2025-10-31 02:05:17.464582,512.8200073242188
assault,240000,2025-10-31 02:47:47.851188,539.280029296875
assault,250000,2025-10-31 03:31:18.391160,532.5599975585938
assault,260000,2025-10-31 04:13:52.676134,536.5499877929688
assault,270000,2025-10-31 04:55:48.781866,537.3900146484375
assault,280000,2025-10-31 05:37:32.386886,528.989990234375
assault,290000,2025-10-31 06:20:38.051928,571.8300170898438
assault,300000,2025-10-31 07:02:26.492578,552.0900268554688
assault,310000,2025-10-31 07:44:50.108493,577.2899780273438
assault,320000,2025-10-31 08:27:17.926340,563.010009765625
assault,330000,2025-10-31 09:09:50.182623,597.6599731445312
assault,340000,2025-10-31 09:52:52.489075,598.0800170898438
assault,350000,2025-10-31 10:35:43.379472,602.0700073242188
assault,360000,2025-10-31 11:17:08.674762,615.510009765625
assault,370000,2025-10-31 11:59:06.526954,606.0599975585938
assault,380000,2025-10-31 12:40:51.225065,601.4400024414062
assault,390000,2025-10-31 13:25:38.503742,619.0800170898438
assault,400000,2025-10-31 14:08:48.711223,631.6799926757812
asterix,10000,2025-10-29 10:03:20.296072,188.5
asterix,20000,2025-10-29 10:43:19.314461,200.0
asterix,30000,2025-10-29 11:20:59.659119,179.5
asterix,40000,2025-10-29 11:54:17.032740,250.5
asterix,50000,2025-10-29 12:29:47.499570,286.5
asterix,60000,2025-10-29 13:04:57.446312,319.0
asterix,70000,2025-10-29 13:42:11.106637,276.5
asterix,80000,2025-10-29 14:16:51.430871,277.5
asterix,90000,2025-10-29 14:54:12.514272,414.0
asterix,100000,2025-10-29 15:28:31.142889,380.0
asterix,110000,2025-10-29 16:02:18.889711,396.0
asterix,120000,2025-10-29 16:38:32.236900,444.0
asterix,130000,2025-10-29 17:13:51.551831,580.5
asterix,140000,2025-10-29 17:49:12.985557,592.0
asterix,150000,2025-10-29 18:26:04.183659,526.0
asterix,160000,2025-10-29 19:00:38.686733,505.0
asterix,170000,2025-10-29 19:36:50.279680,602.5
asterix,180000,2025-10-29 20:13:22.535264,696.0
asterix,190000,2025-10-29 20:49:33.054485,650.0
asterix,200000,2025-10-29 21:27:13.517152,737.0
asterix,210000,2025-10-29 22:02:43.486463,732.0
asterix,220000,2025-10-29 22:38:24.866598,735.5
asterix,230000,2025-10-29 23:16:38.820779,816.0
asterix,240000,2025-10-29 23:52:27.913575,869.5
asterix,250000,2025-10-30 00:28:51.265850,866.0
asterix,260000,2025-10-30 01:06:53.753805,879.5
asterix,270000,2025-10-30 01:44:14.377033,882.5
asterix,280000,2025-10-30 02:20:34.235983,879.5
asterix,290000,2025-10-30 02:58:05.983066,929.5
asterix,300000,2025-10-30 03:36:36.112420,930.0
asterix,310000,2025-10-30 04:13:18.916109,945.5
asterix,320000,2025-10-30 04:50:41.484599,936.0
asterix,330000,2025-10-30 05:29:15.756382,985.0
asterix,340000,2025-10-30 06:06:11.119576,999.0
asterix,350000,2025-10-30 06:46:32.398864,1041.0
asterix,360000,2025-10-30 07:23:59.000895,1091.0
asterix,370000,2025-10-30 08:00:02.227273,1109.5
asterix,380000,2025-10-30 08:37:08.642693,1039.0
asterix,390000,2025-10-30 09:15:03.707549,960.5
asterix,400000,2025-10-30 09:51:56.738105,976.0
asterix,408628,2025-11-01 14:47:34.351823,1007.0
bank_heist,10000,2025-10-12 11:55:52.959278,14.100000381469727
bank_heist,20000,2025-10-12 18:18:01.301691,0.0
bank_heist,30000,2025-10-12 19:05:11.047769,0.0
bank_heist,40000,2025-10-12 21:22:45.941709,0.0
bank_heist,50000,2025-10-13 02:56:57.697827,0.30000001192092896
bank_heist,60000,2025-10-13 08:38:04.080121,0.0
bank_heist,70000,2025-10-13 14:46:26.998099,0.0
bank_heist,80000,2025-10-13 18:24:17.944432,2.0
bank_heist,90000,2025-10-13 19:04:19.374532,10.300000190734863
bank_heist,100000,2025-10-13 19:38:47.390679,10.0
bank_heist,110000,2025-10-13 20:09:50.699932,10.800000190734863
bank_heist,120000,2025-10-13 20:46:00.277761,13.600000381469727
bank_heist,130000,2025-10-13 21:18:58.329600,10.699999809265137
bank_heist,140000,2025-10-13 21:52:11.722957,11.399999618530273
bank_heist,150000,2025-10-13 22:25:11.857535,13.0
bank_heist,160000,2025-10-13 23:01:43.321313,77.80000305175781
bank_heist,170000,2025-10-13 23:37:02.584336,170.60000610351562
bank_heist,180000,2025-10-14 00:12:13.383435,219.0
bank_heist,190000,2025-10-14 00:45:44.603689,214.5
bank_heist,200000,2025-10-14 01:23:14.084871,235.8000030517578
bank_heist,210000,2025-10-14 01:58:42.248086,240.5
bank_heist,220000,2025-10-14 02:33:27.483825,252.5
bank_heist,230000,2025-10-14 03:06:21.720848,274.1000061035156
bank_heist,240000,2025-10-14 03:41:20.884514,315.79998779296875
bank_heist,250000,2025-10-14 04:14:52.743120,294.3999938964844
bank_heist,260000,2025-10-14 04:51:22.632385,325.79998779296875
bank_heist,270000,2025-10-14 05:25:41.565111,354.8999938964844
bank_heist,280000,2025-10-14 06:00:13.353599,354.29998779296875
bank_heist,290000,2025-10-14 06:34:31.423271,350.5
bank_heist,300000,2025-10-14 07:08:29.764714,349.79998779296875
bank_heist,310000,2025-10-14 07:44:18.089448,344.79998779296875
bank_heist,320000,2025-10-14 08:18:50.027858,362.20001220703125
bank_heist,330000,2025-10-14 08:51:42.808250,338.3999938964844
bank_heist,340000,2025-10-14 09:25:13.999154,390.20001220703125
bank_heist,350000,2025-10-14 09:58:35.323779,357.70001220703125
bank_heist,360000,2025-10-14 10:34:01.663439,376.70001220703125
bank_heist,370000,2025-10-14 11:07:42.424702,395.0
bank_heist,380000,2025-10-14 11:42:09.154749,448.3999938964844
bank_heist,390000,2025-10-14 12:26:39.279571,1178.5999755859375
bank_heist,400000,2025-10-14 13:12:11.333422,1215.0999755859375
battle_zone,10000,2025-10-25 21:43:49.697432,3330.0
battle_zone,20000,2025-10-25 23:11:17.038336,0.0
battle_zone,30000,2025-10-26 05:24:15.992432,0.0
battle_zone,40000,2025-10-26 09:10:06.969172,3130.0
battle_zone,50000,2025-10-26 10:04:50.599801,490.0
battle_zone,60000,2025-10-26 10:57:36.740572,1010.0
battle_zone,70000,2025-10-26 11:49:42.993103,1120.0
battle_zone,80000,2025-10-26 12:41:24.784904,670.0
battle_zone,90000,2025-10-26 13:42:25.602788,1040.0
battle_zone,100000,2025-10-26 14:37:19.184201,680.0
battle_zone,110000,2025-10-26 15:28:37.881106,640.0
battle_zone,120000,2025-10-26 16:18:13.284467,780.0
battle_zone,130000,2025-10-26 17:09:42.689360,730.0
battle_zone,140000,2025-10-26 18:01:48.072614,780.0
battle_zone,150000,2025-10-26 18:52:42.524975,810.0
battle_zone,160000,2025-10-26 19:43:36.470844,1460.0
battle_zone,170000,2025-10-26 20:33:21.820124,1280.0
battle_zone,180000,2025-10-26 21:24:38.636538,2780.0
battle_zone,190000,2025-10-26 22:15:27.294251,2550.0
battle_zone,200000,2025-10-26 23:06:38.387079,3330.0
battle_zone,210000,2025-10-26 23:58:03.442240,2550.0
battle_zone,220000,2025-10-27 00:47:05.952870,3060.0
battle_zone,230000,2025-10-27 01:35:20.394973,3710.0
battle_zone,240000,2025-10-27 02:23:16.570442,3170.0
battle_zone,250000,2025-10-27 03:13:59.895982,2640.0
battle_zone,260000,2025-10-27 03:59:31.116700,2990.0
battle_zone,270000,2025-10-27 04:43:34.543992,2710.0
battle_zone,280000,2025-10-27 05:36:07.137542,2690.0
battle_zone,290000,2025-10-27 06:57:04.659220,2290.0
battle_zone,300000,2025-10-27 08:02:46.345886,3150.0
battle_zone,310000,2025-10-27 09:17:19.444539,2550.0
battle_zone,320000,2025-10-27 10:07:37.272379,2960.0
battle_zone,330000,2025-10-27 10:57:08.206375,3120.0
battle_zone,340000,2025-10-27 11:49:36.372036,3110.0
battle_zone,350000,2025-10-27 12:36:05.884479,3130.0
battle_zone,360000,2025-10-27 13:20:51.910466,3050.0
battle_zone,370000,2025-10-27 14:02:09.800225,3780.0
battle_zone,380000,2025-10-27 14:46:12.435013,4070.0
battle_zone,390000,2025-10-27 15:26:48.316105,3880.0
battle_zone,400000,2025-10-27 16:08:23.392413,3610.0
boxing,10000,2025-10-27 17:08:50.340261,-1.2699999809265137
boxing,20000,2025-10-27 18:00:51.783965,-57.380001068115234
boxing,30000,2025-10-27 18:48:37.859445,-18.469999313354492
boxing,40000,2025-10-27 19:36:32.775203,-63.970001220703125
boxing,50000,2025-10-27 20:25:18.083662,1.2699999809265137
boxing,60000,2025-10-27 21:13:30.122374,13.380000114440918
boxing,70000,2025-10-27 22:04:14.095496,27.670000076293945
boxing,80000,2025-10-27 22:54:07.511911,-17.81999969482422
boxing,90000,2025-10-27 23:42:21.591658,8.369999885559082
boxing,100000,2025-10-28 00:31:54.458168,30.709999084472656
boxing,110000,2025-10-28 01:21:30.552011,15.270000457763672
boxing,120000,2025-10-28 02:09:46.136839,32.83000183105469
boxing,130000,2025-10-28 02:55:56.223573,52.150001525878906
boxing,140000,2025-10-28 03:42:17.567308,51.72999954223633
boxing,150000,2025-10-28 04:26:18.919682,50.88999938964844
boxing,160000,2025-10-28 05:08:56.969864,58.779998779296875
boxing,170000,2025-10-28 05:50:27.696951,63.7599983215332
boxing,180000,2025-10-28 06:30:54.983684,64.08000183105469
boxing,190000,2025-10-28 07:13:49.409893,65.37000274658203
boxing,200000,2025-10-28 07:56:21.793600,61.15999984741211
boxing,210000,2025-10-28 08:39:26.948822,62.59000015258789
boxing,220000,2025-10-28 09:23:41.174849,69.25
boxing,230000,2025-10-28 10:06:52.954814,61.7400016784668
boxing,240000,2025-10-28 10:53:56.382620,65.8499984741211
boxing,250000,2025-10-28 11:34:59.167176,70.12000274658203
boxing,260000,2025-10-28 12:17:18.350218,63.459999084472656
boxing,270000,2025-10-28 12:58:36.789577,66.81999969482422
boxing,280000,2025-10-28 13:40:55.331018,63.439998626708984
boxing,290000,2025-10-28 14:23:24.270655,66.41000366210938
boxing,300000,2025-10-28 15:03:02.485337,69.72000122070312
boxing,310000,2025-10-28 15:45:39.431275,72.47000122070312
boxing,320000,2025-10-28 16:28:53.682251,67.79000091552734
boxing,330000,2025-10-28 17:10:04.369816,69.8499984741211
boxing,340000,2025-10-28 17:55:58.279471,70.9000015258789
boxing,350000,2025-10-28 18:37:18.429923,74.76000213623047
boxing,360000,2025-10-28 19:18:52.410937,71.16999816894531
boxing,370000,2025-10-28 20:03:26.506810,63.13999938964844
boxing,380000,2025-10-28 20:45:12.389327,73.04000091552734
boxing,390000,2025-10-28 21:26:13.586356,77.52999877929688
boxing,400000,2025-10-28 22:08:05.612617,80.73999786376953
breakout,10000,2025-10-12 11:52:03.695849,2.190000057220459
breakout,20000,2025-10-12 18:21:44.222384,0.0
breakout,30000,2025-10-13 00:12:35.455067,0.0
breakout,40000,2025-10-13 05:55:54.650235,0.0
breakout,50000,2025-10-13 06:34:25.530891,1.1299999952316284
breakout,60000,2025-10-13 07:20:22.692219,2.3299999237060547
breakout,70000,2025-10-13 07:52:09.526764,2.240000009536743
breakout,80000,2025-10-13 08:24:08.069989,2.7300000190734863
breakout,90000,2025-10-13 09:36:49.448982,3.740000009536743
breakout,100000,2025-10-13 15:48:06.879945,1.5399999618530273
breakout,110000,2025-10-13 20:09:19.190068,4.239999771118164
breakout,120000,2025-10-13 22:18:08.345151,3.359999895095825
breakout,130000,2025-10-14 01:04:14.160529,5.099999904632568
breakout,140000,2025-10-14 04:21:45.001888,4.53000020980835
breakout,150000,2025-10-14 07:22:19.293298,3.5399999618530273
breakout,160000,2025-10-14 09:56:50.483861,4.71999979019165
breakout,170000,2025-10-14 12:57:29.285078,6.159999847412109
breakout,180000,2025-10-14 16:33:35.452809,5.590000152587891
breakout,190000,2025-10-14 19:39:35.873744,7.539999961853027
breakout,200000,2025-10-14 22:09:08.022936,7.650000095367432
breakout,210000,2025-10-14 23:28:12.717487,11.760000228881836
breakout,220000,2025-10-15 00:05:37.286548,12.579999923706055
breakout,230000,2025-10-15 00:36:31.161231,12.649999618530273
breakout,240000,2025-10-15 01:07:20.486034,12.729999542236328
breakout,250000,2025-10-15 01:38:22.629450,13.479999542236328
breakout,260000,2025-10-15 02:09:18.105496,12.130000114440918
breakout,270000,2025-10-15 02:40:09.295704,12.420000076293945
breakout,280000,2025-10-15 03:11:27.034661,13.420000076293945
breakout,290000,2025-10-15 04:31:46.171753,12.920000076293945
breakout,300000,2025-10-15 05:03:13.400988,14.079999923706055
breakout,310000,2025-10-15 05:34:40.847579,13.720000267028809
breakout,320000,2025-10-15 06:05:27.192111,13.40999984741211
breakout,330000,2025-10-15 07:13:05.333865,15.239999771118164
breakout,340000,2025-10-15 07:46:10.149583,15.489999771118164
breakout,350000,2025-10-15 08:24:22.879997,16.579999923706055
breakout,360000,2025-10-15 08:55:42.734791,14.710000038146973
breakout,370000,2025-10-15 09:28:13.093173,14.65999984741211
breakout,380000,2025-10-15 10:02:56.883876,14.649999618530273
breakout,390000,2025-10-15 11:09:04.841284,16.0
breakout,400000,2025-10-15 11:40:34.436650,12.850000381469727
chopper_command,10000,2025-10-25 21:33:37.706550,249.0
chopper_command,20000,2025-10-25 22:36:11.115508,1093.0
chopper_command,30000,2025-10-25 23:24:36.310905,924.0
chopper_command,40000,2025-10-26 00:09:33.345271,709.0
chopper_command,50000,2025-10-26 00:48:21.538616,662.0
chopper_command,60000,2025-10-26 01:23:58.125606,754.0
chopper_command,70000,2025-10-26 01:58:55.074902,767.0
chopper_command,80000,2025-10-26 02:36:30.276732,811.0
chopper_command,90000,2025-10-26 03:13:12.010976,812.0
chopper_command,100000,2025-10-26 03:49:43.119319,764.0
chopper_command,110000,2025-10-26 04:27:01.305236,886.0
chopper_command,120000,2025-10-26 05:03:10.723203,828.0
chopper_command,130000,2025-10-26 05:44:54.373147,1169.0
chopper_command,140000,2025-10-26 06:24:46.618428,1258.0
chopper_command,150000,2025-10-26 07:00:52.556775,1128.0
chopper_command,160000,2025-10-26 07:36:55.774442,1014.0
chopper_command,170000,2025-10-26 08:08:56.392004,1124.0
chopper_command,180000,2025-10-26 08:44:25.218368,1315.0
chopper_command,190000,2025-10-26 09:23:30.693178,1613.0
chopper_command,200000,2025-10-26 10:04:27.307663,1308.0
chopper_command,210000,2025-10-26 10:49:53.155097,1437.0
chopper_command,220000,2025-10-26 11:28:31.059431,1410.0
chopper_command,230000,2025-10-26 12:11:01.442363,1237.0
chopper_command,240000,2025-10-26 12:50:00.839513,1378.0
chopper_command,250000,2025-10-26 13:25:57.320437,1506.0
chopper_command,260000,2025-10-26 14:09:57.041806,1599.0
chopper_command,270000,2025-10-26 14:52:12.874901,1615.0
chopper_command,280000,2025-10-26 15:32:28.700439,1453.0
chopper_command,290000,2025-10-26 16:11:39.473972,1652.0
chopper_command,300000,2025-10-26 16:55:42.312484,1779.0
chopper_command,310000,2025-10-26 17:38:56.271492,1947.0
chopper_command,320000,2025-10-26 18:16:40.323880,1564.0
chopper_command,330000,2025-10-26 18:55:32.941513,1462.0
chopper_command,340000,2025-10-26 19:35:08.605119,1386.0
chopper_command,350000,2025-10-26 20:13:33.703678,1733.0
chopper_command,360000,2025-10-26 20:56:21.396280,1951.0
chopper_command,370000,2025-10-26 21:38:48.546989,1600.0
chopper_command,380000,2025-10-26 22:20:19.794355,1727.0
chopper_command,390000,2025-10-26 23:00:55.751583,1969.0
chopper_command,400000,2025-10-26 23:42:54.103832,2052.0
crazy_climber,10000,2025-10-27 17:29:23.344678,3538.0
crazy_climber,20000,2025-10-27 18:48:04.586591,3400.0
crazy_climber,30000,2025-10-27 20:03:35.998919,3468.0
crazy_climber,40000,2025-10-27 21:18:04.310296,3553.0
crazy_climber,50000,2025-10-27 22:27:21.678335,11000.0
crazy_climber,60000,2025-10-27 23:31:25.506896,11048.0
crazy_climber,70000,2025-10-28 00:36:25.520990,11112.0
crazy_climber,80000,2025-10-28 01:46:41.084335,11000.0
crazy_climber,90000,2025-10-28 02:56:37.433324,7504.0
crazy_climber,100000,2025-10-28 06:30:38.884884,17200.0
crazy_climber,110000,2025-10-28 07:45:51.462367,17022.0
crazy_climber,120000,2025-10-28 08:55:31.025293,18517.0
crazy_climber,130000,2025-10-28 10:11:06.624358,16374.0
crazy_climber,140000,2025-10-28 11:22:21.076123,19257.0
crazy_climber,150000,2025-10-28 12:43:08.296921,22223.0
crazy_climber,160000,2025-10-28 13:49:47.626459,21929.0
crazy_climber,170000,2025-10-28 15:00:14.689904,23467.0
crazy_climber,180000,2025-10-28 17:16:29.517282,15645.0
crazy_climber,190000,2025-10-28 19:29:37.482782,18720.0
crazy_climber,200000,2025-10-28 21:29:49.639469,18425.0
crazy_climber,210000,2025-10-28 23:00:38.511271,17538.0
crazy_climber,220000,2025-10-29 01:02:36.810818,16162.0
crazy_climber,230000,2025-10-29 03:31:04.727038,20004.0
crazy_climber,240000,2025-10-29 05:55:28.419855,19893.0
crazy_climber,250000,2025-10-29 07:25:53.717480,27292.0
crazy_climber,260000,2025-10-29 10:48:49.423409,21442.0
crazy_climber,270000,2025-10-29 12:00:10.664634,40528.0
crazy_climber,280000,2025-10-29 13:13:22.301989,44313.0
crazy_climber,290000,2025-10-29 14:27:31.027767,43809.0
crazy_climber,300000,2025-10-29 15:43:28.627915,56799.0
crazy_climber,310000,2025-10-29 16:57:04.284691,63269.0
crazy_climber,320000,2025-10-29 18:08:21.681556,62785.0
crazy_climber,330000,2025-10-29 21:03:11.863248,59302.0
crazy_climber,340000,2025-10-29 22:44:21.564785,63349.0
crazy_climber,350000,2025-10-30 00:49:34.283518,51808.0
crazy_climber,360000,2025-10-30 02:44:15.500538,51762.0
crazy_climber,370000,2025-10-30 04:38:25.601706,46641.0
crazy_climber,380000,2025-10-30 06:10:43.037817,42219.0
crazy_climber,390000,2025-10-30 08:23:05.579665,53275.0
crazy_climber,400000,2025-10-30 11:31:33.073167,55389.0
demon_attack,10000,2025-10-29 03:12:05.997936,90.44999694824219
demon_attack,20000,2025-10-29 08:48:29.539633,82.4000015258789
demon_attack,30000,2025-10-29 09:28:37.643317,168.10000610351562
demon_attack,40000,2025-10-29 10:04:58.949842,91.55000305175781
demon_attack,50000,2025-10-29 10:43:00.677451,65.25
demon_attack,60000,2025-10-29 11:35:23.735740,137.0
demon_attack,70000,2025-10-29 12:16:02.058863,126.4000015258789
demon_attack,80000,2025-10-29 12:56:16.580676,108.3499984741211
demon_attack,90000,2025-10-29 13:39:23.413608,149.0500030517578
demon_attack,100000,2025-10-29 14:20:39.912017,144.9499969482422
demon_attack,110000,2025-10-29 15:05:10.539578,176.6999969482422
demon_attack,120000,2025-10-29 16:04:18.218427,179.85000610351562
demon_attack,130000,2025-10-29 17:55:29.180841,160.1999969482422
demon_attack,140000,2025-10-29 19:00:16.315151,219.6999969482422
demon_attack,150000,2025-10-29 19:44:13.642275,236.5
demon_attack,160000,2025-10-29 20:29:19.525037,241.60000610351562
demon_attack,170000,2025-10-29 21:15:40.928819,253.89999389648438
demon_attack,180000,2025-10-29 22:01:39.443491,219.6999969482422
demon_attack,190000,2025-10-29 22:46:33.779694,221.25
demon_attack,200000,2025-10-29 23:32:41.071268,203.35000610351562
demon_attack,210000,2025-10-30 00:19:28.290075,235.9499969482422
demon_attack,220000,2025-10-30 01:03:34.081569,197.60000610351562
demon_attack,230000,2025-10-30 01:48:05.418060,259.25
demon_attack,240000,2025-10-30 02:31:12.417033,238.10000610351562
demon_attack,250000,2025-10-30 03:16:39.042907,231.6999969482422
demon_attack,260000,2025-10-30 04:00:08.322352,251.1999969482422
demon_attack,270000,2025-10-30 04:41:43.046695,189.8000030517578
demon_attack,280000,2025-10-30 05:26:55.641569,252.0
demon_attack,290000,2025-10-30 06:08:49.634674,222.6999969482422
demon_attack,300000,2025-10-30 06:55:19.703269,267.8500061035156
demon_attack,310000,2025-10-30 07:38:56.986747,279.8500061035156
demon_attack,320000,2025-10-30 08:21:23.627201,219.10000610351562
demon_attack,330000,2025-10-30 09:08:13.251558,290.1000061035156
demon_attack,340000,2025-10-30 09:50:43.847285,217.4499969482422
demon_attack,350000,2025-10-30 10:32:22.699110,203.4499969482422
demon_attack,360000,2025-10-30 11:12:06.706864,235.5500030517578
demon_attack,370000,2025-10-30 11:55:48.778126,246.0
demon_attack,380000,2025-10-30 12:40:10.279518,225.5500030517578
demon_attack,390000,2025-10-30 13:21:50.561816,226.0
demon_attack,400000,2025-10-30 14:03:05.316283,201.1999969482422
freeway,10000,2025-10-25 21:57:01.335921,0.0
freeway,20000,2025-10-25 23:24:14.954265,0.11999999731779099
freeway,30000,2025-10-26 00:20:46.576106,0.0
freeway,40000,2025-10-26 01:17:40.504282,0.0
freeway,50000,2025-10-26 02:13:27.261388,0.0
freeway,60000,2025-10-26 03:08:20.004144,0.0
freeway,70000,2025-10-26 04:04:23.142466,0.0
freeway,80000,2025-10-26 04:59:41.326345,0.0
freeway,90000,2025-10-26 05:56:25.617701,0.0
freeway,100000,2025-10-26 06:52:22.276978,0.029999999329447746
freeway,110000,2025-10-26 07:46:44.065063,0.0
freeway,120000,2025-10-26 08:41:23.543725,0.0
freeway,130000,2025-10-26 09:38:13.117629,0.0
freeway,140000,2025-10-26 10:36:27.261373,0.0
freeway,150000,2025-10-26 11:32:05.458307,0.0
freeway,160000,2025-10-26 12:28:44.611722,0.0
freeway,170000,2025-10-26 13:25:18.641290,0.0
freeway,180000,2025-10-26 14:22:44.921871,0.0
freeway,190000,2025-10-26 15:20:30.878177,0.0
freeway,200000,2025-10-26 16:17:14.215560,0.0
freeway,210000,2025-10-26 17:14:33.985976,0.0
freeway,220000,2025-10-26 18:13:00.854755,0.0
freeway,230000,2025-10-26 19:11:31.141329,0.0
freeway,240000,2025-10-26 20:09:34.929164,0.0
freeway,250000,2025-10-26 21:07:44.240968,0.0
freeway,260000,2025-10-26 22:06:31.408427,0.0
freeway,270000,2025-10-26 23:03:04.200475,0.0
freeway,280000,2025-10-27 00:01:07.538671,0.0
freeway,290000,2025-10-27 00:57:08.448468,0.0
freeway,300000,2025-10-27 01:52:21.795242,0.0
freeway,310000,2025-10-27 02:46:42.111971,0.0
freeway,320000,2025-10-27 03:39:32.555232,0.0
freeway,330000,2025-10-27 04:30:07.075812,0.0
freeway,340000,2025-10-27 05:21:08.155957,0.0
freeway,350000,2025-10-27 06:12:00.555228,0.0
freeway,360000,2025-10-27 07:01:03.848155,0.0
freeway,370000,2025-10-27 07:51:43.749075,0.0
freeway,380000,2025-10-27 08:42:46.647580,0.0
freeway,390000,2025-10-27 09:32:18.951888,0.0
freeway,400000,2025-10-27 10:20:51.513397,0.0
frostbite,10000,2025-10-30 12:14:24.016146,99.0
frostbite,20000,2025-10-30 12:59:25.845666,160.0
frostbite,30000,2025-10-30 13:35:59.201286,165.60000610351562
frostbite,40000,2025-10-30 14:10:16.442039,157.60000610351562
frostbite,50000,2025-10-30 14:51:07.228689,216.10000610351562
frostbite,60000,2025-10-30 15:28:09.855758,209.60000610351562
frostbite,70000,2025-10-30 16:04:29.022929,205.0
frostbite,80000,2025-10-30 16:41:04.321186,201.39999389648438
frostbite,90000,2025-10-30 17:17:32.404231,215.1999969482422
frostbite,100000,2025-10-30 17:53:06.861178,219.60000610351562
frostbite,110000,2025-10-30 18:28:54.141470,219.39999389648438
frostbite,120000,2025-10-30 19:06:13.551032,240.0
frostbite,130000,2025-10-30 19:42:50.759518,242.0
frostbite,140000,2025-10-30 20:20:25.143580,239.10000610351562
frostbite,150000,2025-10-30 20:58:14.555423,243.10000610351562
frostbite,160000,2025-10-30 21:35:29.867640,241.89999389648438
frostbite,170000,2025-10-30 22:12:50.988652,242.89999389648438
frostbite,180000,2025-10-30 22:50:28.423746,242.3000030517578
frostbite,190000,2025-10-30 23:27:22.046872,240.10000610351562
frostbite,200000,2025-10-31 00:03:58.011010,241.5
frostbite,210000,2025-10-31 00:40:07.529653,240.1999969482422
frostbite,220000,2025-10-31 01:17:04.016413,240.0
frostbite,230000,2025-10-31 01:53:47.469441,240.60000610351562
frostbite,240000,2025-10-31 02:29:52.070191,236.39999389648438
frostbite,250000,2025-10-31 03:07:23.375540,240.3000030517578
frostbite,260000,2025-10-31 03:44:53.484769,241.8000030517578
frostbite,270000,2025-10-31 04:22:08.985909,239.89999389648438
frostbite,280000,2025-10-31 04:59:23.584867,239.8000030517578
frostbite,290000,2025-10-31 05:36:49.768844,246.39999389648438
frostbite,300000,2025-10-31 06:14:57.576007,262.8999938964844
frostbite,310000,2025-10-31 06:52:56.589260,257.5
frostbite,320000,2025-10-31 07:30:56.923366,259.0
frostbite,330000,2025-10-31 08:08:35.055597,259.5
frostbite,340000,2025-10-31 08:45:59.213554,255.89999389648438
frostbite,350000,2025-10-31 09:23:38.548572,259.29998779296875
frostbite,360000,2025-10-31 10:01:12.463804,260.0
frostbite,370000,2025-10-31 10:39:00.939754,264.3999938964844
frostbite,380000,2025-10-31 11:17:53.827214,333.0
frostbite,390000,2025-10-31 11:56:26.737699,332.29998779296875
frostbite,400000,2025-10-31 12:34:59.700788,337.20001220703125
gopher,10000,2025-10-25 21:36:22.840257,306.0
gopher,20000,2025-10-25 22:53:05.399725,74.4000015258789
gopher,30000,2025-10-25 23:38:27.679931,221.8000030517578
gopher,40000,2025-10-26 00:20:40.536396,0.0
gopher,50000,2025-10-26 01:03:09.633744,95.5999984741211
gopher,60000,2025-10-26 01:44:26.142955,367.6000061035156
gopher,70000,2025-10-26 02:23:33.019672,218.1999969482422
gopher,80000,2025-10-26 03:02:51.114118,266.0
gopher,90000,2025-10-26 03:43:15.225287,356.20001220703125
gopher,100000,2025-10-26 04:23:57.847552,436.79998779296875
gopher,110000,2025-10-26 05:04:55.241156,393.0
gopher,120000,2025-10-26 05:48:26.095657,396.79998779296875
gopher,130000,2025-10-26 06:30:39.033337,308.0
gopher,140000,2025-10-26 07:10:44.016900,413.3999938964844
gopher,150000,2025-10-26 08:07:11.442275,464.79998779296875
gopher,160000,2025-10-26 08:50:26.881446,632.7999877929688
gopher,170000,2025-10-26 09:32:45.201804,512.5999755859375
gopher,180000,2025-10-26 10:12:57.232668,547.4000244140625
gopher,190000,2025-10-26 10:56:25.068838,857.4000244140625
gopher,200000,2025-10-26 11:41:01.081649,957.2000122070312
gopher,210000,2025-10-26 12:25:08.002939,1049.0
gopher,220000,2025-10-26 13:30:16.131320,992.2000122070312
gopher,230000,2025-10-26 14:15:03.474800,975.2000122070312
gopher,240000,2025-10-26 14:59:31.209309,973.2000122070312
gopher,250000,2025-10-26 15:44:37.855166,1139.4000244140625
gopher,260000,2025-10-26 16:26:54.685150,895.4000244140625
gopher,270000,2025-10-26 17:10:43.071106,1125.5999755859375
gopher,280000,2025-10-26 17:57:53.925616,1302.0
gopher,290000,2025-10-26 18:44:23.751463,1238.0
gopher,300000,2025-10-26 19:29:26.637817,1258.199951171875
gopher,310000,2025-10-26 20:13:21.306700,1252.4000244140625
gopher,320000,2025-10-26 20:59:26.590437,1441.0
gopher,330000,2025-10-26 21:46:26.474271,1334.0
gopher,340000,2025-10-26 22:32:25.951228,1364.800048828125
gopher,350000,2025-10-26 23:18:11.723130,1592.5999755859375
gopher,360000,2025-10-27 00:04:23.905074,1636.800048828125
gopher,370000,2025-10-27 00:48:44.570682,1657.4000244140625
gopher,380000,2025-10-27 01:32:52.632416,1642.5999755859375
gopher,390000,2025-10-27 02:17:28.402645,1755.800048828125
gopher,400000,2025-10-27 03:01:47.625104,1797.199951171875
hero,10000,2025-10-12 11:55:55.169482,643.1500244140625
hero,20000,2025-10-12 14:19:09.886366,0.0
hero,30000,2025-10-12 15:56:37.869843,0.0
hero,40000,2025-10-12 17:33:07.981503,0.0
hero,50000,2025-10-12 18:39:33.152304,150.0
hero,60000,2025-10-12 19:13:54.294399,75.0
hero,70000,2025-10-12 19:55:18.643935,1395.5999755859375
hero,80000,2025-10-12 20:48:56.235524,1379.0
hero,90000,2025-10-12 21:45:39.831157,2295.10009765625
hero,100000,2025-10-12 22:41:56.421943,2385.300048828125
hero,110000,2025-10-12 23:47:54.285002,2915.050048828125
hero,120000,2025-10-13 00:40:46.842826,2996.85009765625
hero,130000,2025-10-13 01:25:26.985180,2954.199951171875
hero,140000,2025-10-13 02:09:37.673019,2912.199951171875
hero,150000,2025-10-13 03:20:00.914965,2883.050048828125
hero,160000,2025-10-13 04:12:28.380370,2977.050048828125
hero,170000,2025-10-13 05:44:23.380327,2639.199951171875
hero,180000,2025-10-13 07:27:57.473751,1930.5999755859375
hero,190000,2025-10-13 08:19:06.663497,3035.10009765625
hero,200000,2025-10-13 09:09:26.163508,3042.5
hero,210000,2025-10-13 09:58:16.013941,3037.550048828125
hero,220000,2025-10-13 10:50:37.171925,3036.050048828125
hero,230000,2025-10-13 11:41:31.014227,3037.199951171875
hero,240000,2025-10-13 12:33:07.045628,3039.10009765625
hero,250000,2025-10-13 13:25:04.693453,3053.5
hero,260000,2025-10-13 14:15:28.931236,3064.60009765625
hero,270000,2025-10-13 15:06:38.344892,3047.89990234375
hero,280000,2025-10-13 15:57:45.882772,3038.10009765625
hero,290000,2025-10-13 16:47:38.692818,3042.10009765625
hero,300000,2025-10-13 17:36:49.778213,2968.449951171875
hero,310000,2025-10-13 18:22:18.751038,2965.60009765625
hero,320000,2025-10-13 19:07:43.527479,3029.0
hero,330000,2025-10-13 19:58:07.427356,2998.0
hero,340000,2025-10-13 20:46:48.016722,3029.60009765625
hero,350000,2025-10-13 21:32:22.385082,3033.10009765625
hero,360000,2025-10-13 22:19:21.219917,3043.10009765625
hero,370000,2025-10-13 23:07:59.841350,3042.5
hero,380000,2025-10-13 23:53:23.757715,3044.89990234375
hero,390000,2025-10-14 00:40:25.135013,3052.60009765625
hero,400000,2025-10-14 01:29:01.448393,3066.699951171875
jamesbond,10000,2025-10-30 14:45:42.397780,35.5
jamesbond,20000,2025-10-30 15:25:50.293730,0.0
jamesbond,30000,2025-10-30 16:06:29.247424,0.0
jamesbond,40000,2025-10-30 16:43:56.438254,59.5
jamesbond,50000,2025-10-30 17:26:42.576774,4.0
jamesbond,60000,2025-10-30 18:11:51.531004,38.5
jamesbond,70000,2025-10-30 18:49:50.110901,49.5
jamesbond,80000,2025-10-30 19:27:31.290483,52.0
jamesbond,90000,2025-10-30 20:04:52.762639,49.5
jamesbond,100000,2025-10-30 20:42:23.376092,71.5
jamesbond,110000,2025-10-30 21:19:51.966917,80.0
jamesbond,120000,2025-10-30 21:58:43.850751,88.5
jamesbond,130000,2025-10-30 22:35:02.851110,77.0
jamesbond,140000,2025-10-30 23:11:42.582910,124.0
jamesbond,150000,2025-10-30 23:48:17.193941,117.5
jamesbond,160000,2025-10-31 00:24:55.108263,133.5
jamesbond,170000,2025-10-31 01:00:48.914444,149.5
jamesbond,180000,2025-10-31 01:37:01.272542,124.5
jamesbond,190000,2025-10-31 02:12:57.722995,136.5
jamesbond,200000,2025-10-31 02:49:09.136124,148.0
jamesbond,210000,2025-10-31 03:25:57.642689,143.0
jamesbond,220000,2025-10-31 04:02:34.459824,118.0
jamesbond,230000,2025-10-31 04:38:39.611201,127.0
jamesbond,240000,2025-10-31 05:14:52.207157,132.0
jamesbond,250000,2025-10-31 05:51:48.645863,131.5
jamesbond,260000,2025-10-31 06:28:26.780493,180.0
jamesbond,270000,2025-10-31 07:04:42.023406,175.5
jamesbond,280000,2025-10-31 07:41:24.928931,191.0
jamesbond,290000,2025-10-31 08:18:28.373729,198.0
jamesbond,300000,2025-10-31 08:55:01.838714,172.5
jamesbond,310000,2025-10-31 09:31:31.211387,165.0
jamesbond,320000,2025-10-31 10:07:50.177324,173.0
jamesbond,330000,2025-10-31 10:44:22.079511,152.5
jamesbond,340000,2025-10-31 11:20:07.629347,179.5
jamesbond,350000,2025-10-31 11:56:26.138921,171.0
jamesbond,360000,2025-10-31 12:33:22.494394,190.0
jamesbond,370000,2025-10-31 13:12:38.481300,170.5
jamesbond,380000,2025-10-31 13:49:51.642101,192.5
jamesbond,390000,2025-10-31 14:27:14.029924,186.5
jamesbond,400000,2025-10-31 15:07:54.955834,224.5
kangaroo,10000,2025-10-31 16:43:02.273575,56.0
kangaroo,20000,2025-10-31 17:19:26.980033,0.0
kangaroo,30000,2025-10-31 17:55:03.517792,0.0
kangaroo,40000,2025-10-31 18:30:30.357507,0.0
kangaroo,50000,2025-10-31 19:06:31.132137,200.0
kangaroo,60000,2025-10-31 19:40:31.543739,0.0
kangaroo,70000,2025-10-31 20:16:30.003978,0.0
kangaroo,80000,2025-10-31 20:52:05.835496,254.0
kangaroo,90000,2025-10-31 21:29:36.019467,346.0
kangaroo,100000,2025-10-31 22:06:27.421330,330.0
kangaroo,110000,2025-10-31 22:41:33.889706,4.0
kangaroo,120000,2025-10-31 23:16:45.174215,36.0
kangaroo,130000,2025-10-31 23:51:39.815880,12.0
kangaroo,140000,2025-11-01 00:26:31.193548,0.0
kangaroo,150000,2025-11-01 01:03:23.377402,400.0
kangaroo,160000,2025-11-01 01:39:23.193894,400.0
kangaroo,170000,2025-11-01 02:16:32.659128,400.0
kangaroo,180000,2025-11-01 02:53:27.006750,400.0
kangaroo,190000,2025-11-01 03:30:23.119804,400.0
kangaroo,200000,2025-11-01 04:07:34.605845,400.0
kangaroo,210000,2025-11-01 04:44:06.986343,400.0
kangaroo,220000,2025-11-01 05:21:10.144542,400.0
kangaroo,230000,2025-11-01 05:58:08.332717,400.0
kangaroo,240000,2025-11-01 06:34:57.369705,400.0
kangaroo,250000,2025-11-01 07:11:46.702326,400.0
kangaroo,260000,2025-11-01 07:48:32.234514,428.0
kangaroo,270000,2025-11-01 08:25:47.523115,622.0
kangaroo,280000,2025-11-01 09:02:45.000922,660.0
kangaroo,290000,2025-11-01 09:41:20.468943,906.0
kangaroo,300000,2025-11-01 10:20:05.684847,1220.0
kangaroo,310000,2025-11-01 10:59:01.809922,1376.0
kangaroo,320000,2025-11-01 11:38:22.401231,1476.0
kangaroo,330000,2025-11-01 12:18:01.835405,1508.0
kangaroo,340000,2025-11-01 12:58:23.025257,1606.0
kangaroo,350000,2025-11-01 13:38:38.668759,1588.0
kangaroo,360000,2025-11-01 14:18:06.071290,1308.0
kangaroo,370000,2025-11-01 14:59:41.800583,1584.0
kangaroo,380000,2025-11-01 15:36:51.670117,1678.0
kangaroo,390000,2025-11-01 16:11:25.735484,1594.0
kangaroo,400000,2025-11-01 16:46:10.201504,1642.0
krull,10000,2025-10-27 17:04:58.599275,915.9000244140625
krull,20000,2025-10-27 17:51:28.883223,0.0
krull,30000,2025-10-27 18:33:42.667514,0.0
krull,40000,2025-10-27 19:18:02.675478,0.0
krull,50000,2025-10-27 20:01:34.447867,1043.5
krull,60000,2025-10-27 20:47:15.035539,59.0
krull,70000,2025-10-27 21:29:38.109385,1362.0999755859375
krull,80000,2025-10-27 22:14:18.966858,1696.5
krull,90000,2025-10-27 23:00:42.716539,2481.5
krull,100000,2025-10-27 23:44:50.781500,2842.39990234375
krull,110000,2025-10-28 00:29:00.896215,2380.0
krull,120000,2025-10-28 01:21:50.310297,2337.800048828125
krull,130000,2025-10-28 02:07:23.143462,2833.60009765625
krull,140000,2025-10-28 02:51:21.108941,3003.699951171875
krull,150000,2025-10-28 03:36:22.999155,3732.10009765625
krull,160000,2025-10-28 08:50:08.341629,4375.10009765625
krull,170000,2025-10-28 09:37:34.493363,4103.2001953125
krull,180000,2025-10-28 10:21:13.322541,4722.5
krull,190000,2025-10-28 15:32:39.158925,3801.199951171875
krull,200000,2025-10-28 16:15:57.813115,4902.10009765625
krull,210000,2025-10-28 16:58:10.985558,5585.2001953125
krull,220000,2025-10-28 17:42:35.674093,4859.0
krull,230000,2025-10-28 18:25:49.126696,5989.39990234375
krull,240000,2025-10-28 19:07:06.627593,6513.0
krull,250000,2025-10-28 19:51:32.536345,6807.89990234375
krull,260000,2025-10-28 20:35:23.860008,7092.10009765625
krull,270000,2025-10-28 21:17:20.822649,7152.0
krull,280000,2025-10-28 22:01:44.293322,7599.39990234375
krull,290000,2025-10-28 22:48:05.723268,8207.7001953125
krull,300000,2025-10-28 23:32:13.519430,8445.7001953125
krull,310000,2025-10-29 00:12:42.970322,8246.400390625
krull,320000,2025-10-29 00:54:47.058331,8522.599609375
krull,330000,2025-10-29 01:39:38.966616,8232.0
krull,340000,2025-10-29 02:21:00.305262,8408.5
krull,350000,2025-10-29 03:02:03.862375,8998.599609375
krull,360000,2025-10-29 03:46:38.484103,8423.900390625
krull,370000,2025-10-29 04:29:17.000816,8116.10009765625
krull,380000,2025-10-29 05:09:42.381209,8315.7001953125
krull,390000,2025-10-29 05:49:36.588291,7967.7001953125
krull,400000,2025-10-29 06:33:14.769338,7979.7001953125
kung_fu_master,10000,2025-10-12 12:00:06.821020,519.0
kung_fu_master,20000,2025-10-12 13:00:25.248584,0.0
kung_fu_master,30000,2025-10-12 13:57:32.930212,0.0
kung_fu_master,40000,2025-10-12 14:31:08.061295,0.0
kung_fu_master,50000,2025-10-12 15:22:05.090150,7794.0
kung_fu_master,60000,2025-10-12 16:15:15.602372,9530.0
kung_fu_master,70000,2025-10-12 17:03:29.833388,11661.0
kung_fu_master,80000,2025-10-12 18:01:36.643596,19236.0
kung_fu_master,90000,2025-10-12 19:05:06.995327,20420.0
kung_fu_master,100000,2025-10-12 20:16:56.066773,28515.0
kung_fu_master,110000,2025-10-12 21:30:40.633014,32656.0
kung_fu_master,120000,2025-10-12 22:43:58.936308,31242.0
kung_fu_master,130000,2025-10-12 23:56:39.151966,32435.0
kung_fu_master,140000,2025-10-13 01:11:11.525529,33674.0
kung_fu_master,150000,2025-10-13 02:14:35.867911,26551.0
kung_fu_master,160000,2025-10-13 03:18:52.477131,25967.0
kung_fu_master,170000,2025-10-13 04:38:24.066929,37312.0
kung_fu_master,180000,2025-10-13 05:40:56.866398,25178.0
kung_fu_master,190000,2025-10-13 06:39:47.647964,19306.0
kung_fu_master,200000,2025-10-13 07:42:19.711599,23984.0
kung_fu_master,210000,2025-10-13 09:01:43.043660,33043.0
kung_fu_master,220000,2025-10-13 10:19:48.201577,33115.0
kung_fu_master,230000,2025-10-13 11:36:42.668471,30455.0
kung_fu_master,240000,2025-10-13 12:54:17.770659,30555.0
kung_fu_master,250000,2025-10-13 14:14:07.604802,32533.0
kung_fu_master,260000,2025-10-13 15:31:27.028730,31202.0
kung_fu_master,270000,2025-10-13 16:46:23.514628,31083.0
kung_fu_master,280000,2025-10-13 18:03:29.114595,34907.0
kung_fu_master,290000,2025-10-13 19:12:31.139700,32246.0
kung_fu_master,300000,2025-10-13 20:24:24.582887,31688.0
kung_fu_master,310000,2025-10-13 21:34:19.360301,30959.0
kung_fu_master,320000,2025-10-13 22:45:30.034156,30591.0
kung_fu_master,330000,2025-10-13 23:50:13.068197,27563.0
kung_fu_master,340000,2025-10-14 00:52:22.094303,24632.0
kung_fu_master,350000,2025-10-14 01:58:59.791984,26659.0
kung_fu_master,360000,2025-10-14 03:00:12.045795,26254.0
kung_fu_master,370000,2025-10-14 04:03:58.368103,28938.0
kung_fu_master,380000,2025-10-14 05:12:33.253224,30785.0
kung_fu_master,390000,2025-10-14 06:18:23.710329,30480.0
kung_fu_master,400000,2025-10-14 07:24:15.370756,29462.0
ms_pacman,10000,2025-10-31 13:15:27.079709,320.29998779296875
ms_pacman,20000,2025-10-31 13:54:30.677391,60.0
ms_pacman,30000,2025-10-31 14:31:14.587289,60.0
ms_pacman,40000,2025-10-31 15:11:07.417424,535.0
ms_pacman,50000,2025-10-31 15:51:59.432975,325.29998779296875
ms_pacman,60000,2025-10-31 16:30:17.058559,447.5
ms_pacman,70000,2025-10-31 17:10:46.005919,383.79998779296875
ms_pacman,80000,2025-10-31 17:48:33.854433,543.5999755859375
ms_pacman,90000,2025-10-31 18:25:11.824427,451.1000061035156
ms_pacman,100000,2025-10-31 19:03:13.626005,564.2999877929688
ms_pacman,110000,2025-10-31 19:41:29.333723,497.79998779296875
ms_pacman,120000,2025-10-31 20:19:06.542830,402.70001220703125
ms_pacman,130000,2025-10-31 20:57:34.707185,555.5999755859375
ms_pacman,140000,2025-10-31 21:36:22.925228,581.4000244140625
ms_pacman,150000,2025-10-31 22:15:35.796370,611.7999877929688
ms_pacman,160000,2025-10-31 22:54:33.158987,592.0999755859375
ms_pacman,170000,2025-10-31 23:32:24.352005,710.7999877929688
ms_pacman,180000,2025-11-01 00:11:03.233765,689.5999755859375
ms_pacman,190000,2025-11-01 00:50:47.220209,763.4000244140625
ms_pacman,200000,2025-11-01 01:30:11.883029,827.5
ms_pacman,210000,2025-11-01 02:08:51.212137,707.0
ms_pacman,220000,2025-11-01 02:47:36.066884,815.5999755859375
ms_pacman,230000,2025-11-01 03:26:50.744951,756.5
ms_pacman,240000,2025-11-01 04:06:11.678454,974.5
ms_pacman,250000,2025-11-01 04:45:09.620135,850.2999877929688
ms_pacman,260000,2025-11-01 05:23:48.796875,695.5
ms_pacman,270000,2025-11-01 06:02:59.371342,765.4000244140625
ms_pacman,280000,2025-11-01 06:41:29.738626,715.2000122070312
ms_pacman,290000,2025-11-01 07:20:23.912880,765.2000122070312
ms_pacman,300000,2025-11-01 07:59:53.481678,840.5
ms_pacman,310000,2025-11-01 08:38:48.293882,803.0
ms_pacman,320000,2025-11-01 09:17:18.090408,807.4000244140625
ms_pacman,330000,2025-11-01 09:55:41.565252,778.2999877929688
ms_pacman,340000,2025-11-01 10:34:26.488664,824.7999877929688
ms_pacman,350000,2025-11-01 11:13:16.416883,814.4000244140625
ms_pacman,360000,2025-11-01 11:52:00.566418,851.9000244140625
ms_pacman,370000,2025-11-01 12:31:18.221230,817.0
ms_pacman,380000,2025-11-01 13:12:11.868477,926.4000244140625
ms_pacman,390000,2025-11-01 13:52:50.469864,963.4000244140625
ms_pacman,400000,2025-11-01 14:33:30.871109,920.7999877929688
pong,10000,2025-10-25 21:34:40.539719,-20.739999771118164
pong,20000,2025-10-25 22:42:53.475852,-21.0
pong,30000,2025-10-25 23:29:23.336175,-21.0
pong,40000,2025-10-26 00:08:57.874105,-21.0
pong,50000,2025-10-26 00:47:42.123994,-21.0
pong,60000,2025-10-26 01:39:07.836502,-18.350000381469727
pong,70000,2025-10-26 02:27:54.014268,-19.270000457763672
pong,80000,2025-10-26 03:27:19.972789,-7.639999866485596
pong,90000,2025-10-26 04:18:30.492122,-17.43000030517578
pong,100000,2025-10-26 05:12:27.117891,-9.960000038146973
pong,110000,2025-10-26 06:09:16.149652,-10.829999923706055
pong,120000,2025-10-26 07:07:37.640687,-1.3600000143051147
pong,130000,2025-10-26 08:06:44.244230,-1.9299999475479126
pong,140000,2025-10-26 09:08:34.217175,2.390000104904175
pong,150000,2025-10-26 10:12:49.382884,2.9100000858306885
pong,160000,2025-10-26 11:17:51.822228,2.2200000286102295
pong,170000,2025-10-26 12:19:34.239703,7.179999828338623
pong,180000,2025-10-26 13:17:12.449006,14.6899995803833
pong,190000,2025-10-26 14:13:21.346178,14.489999771118164
pong,200000,2025-10-26 15:12:29.723700,10.0600004196167
pong,210000,2025-10-26 16:11:11.881089,13.109999656677246
pong,220000,2025-10-26 17:09:52.833931,12.550000190734863
pong,230000,2025-10-26 18:09:58.406475,13.729999542236328
pong,240000,2025-10-26 19:07:49.502338,15.65999984741211
pong,250000,2025-10-26 20:05:24.070726,15.739999771118164
pong,260000,2025-10-26 21:02:10.562451,16.43000030517578
pong,270000,2025-10-26 21:59:29.093532,17.079999923706055
pong,280000,2025-10-26 22:53:57.302289,18.239999771118164
pong,290000,2025-10-26 23:48:32.358939,18.6299991607666
pong,300000,2025-10-27 00:40:58.947482,19.149999618530273
pong,310000,2025-10-27 01:32:10.286789,19.049999237060547
pong,320000,2025-10-27 02:23:55.677507,19.010000228881836
pong,330000,2025-10-27 03:17:56.750292,19.18000030517578
pong,340000,2025-10-27 04:08:50.380453,19.350000381469727
pong,350000,2025-10-27 04:59:30.749375,18.440000534057617
pong,360000,2025-10-27 05:48:28.474006,18.760000228881836
pong,370000,2025-10-27 06:38:09.390538,18.459999084472656
pong,380000,2025-10-27 07:26:59.893722,19.559999465942383
pong,390000,2025-10-27 08:16:03.196195,19.459999084472656
pong,400000,2025-10-27 09:06:40.351107,18.450000762939453
private_eye,10000,2025-10-27 17:19:25.072711,61.810001373291016
private_eye,20000,2025-10-27 18:22:06.778274,0.0
private_eye,30000,2025-10-27 19:21:41.941265,98.0
private_eye,40000,2025-10-27 20:21:01.455085,0.0
private_eye,50000,2025-10-27 21:19:52.876815,0.0
private_eye,60000,2025-10-27 22:21:09.378466,0.0
private_eye,70000,2025-10-27 23:22:59.685141,95.0
private_eye,80000,2025-10-28 00:23:44.244909,70.0
private_eye,90000,2025-10-28 01:24:39.983082,21.920000076293945
private_eye,100000,2025-10-28 02:25:45.116111,100.0
private_eye,110000,2025-10-28 03:27:08.877550,100.0
private_eye,120000,2025-10-28 04:24:54.976378,100.0
private_eye,130000,2025-10-28 05:21:36.501718,100.0
private_eye,140000,2025-10-28 06:17:36.291844,100.0
private_eye,150000,2025-10-28 07:15:34.613432,100.0
private_eye,160000,2025-10-28 08:13:43.687014,100.0
private_eye,170000,2025-10-28 09:12:00.010840,92.43000030517578
private_eye,180000,2025-10-28 10:11:31.863422,100.0
private_eye,190000,2025-10-28 11:12:39.341398,100.0
private_eye,200000,2025-10-28 12:10:51.350636,100.0
private_eye,210000,2025-10-28 13:08:31.974476,100.0
private_eye,220000,2025-10-28 14:06:15.454317,100.0
private_eye,230000,2025-10-28 15:03:04.338533,100.0
private_eye,240000,2025-10-28 16:03:10.639238,100.0
private_eye,250000,2025-10-28 17:01:24.320302,100.0
private_eye,260000,2025-10-28 18:03:17.464752,94.44999694824219
private_eye,270000,2025-10-28 19:02:21.857271,100.0
private_eye,280000,2025-10-28 20:03:23.535699,-80.75
private_eye,290000,2025-10-28 21:03:18.873790,100.83000183105469
private_eye,300000,2025-10-28 22:03:58.333671,102.52999877929688
private_eye,310000,2025-10-28 23:05:00.481286,20.18000030517578
private_eye,320000,2025-10-29 00:03:12.664968,100.0
private_eye,330000,2025-10-29 00:59:04.892117,100.0
private_eye,340000,2025-10-29 01:58:19.731195,100.0
private_eye,350000,2025-10-29 02:53:50.581758,100.0
private_eye,360000,2025-10-29 03:53:44.182930,100.0
private_eye,370000,2025-10-29 04:50:39.790190,100.0
private_eye,380000,2025-10-29 05:46:10.463513,100.0
private_eye,390000,2025-10-29 06:45:06.407447,100.0
private_eye,400000,2025-10-29 07:44:11.380587,100.0
qbert,10000,2025-10-31 14:46:32.147777,274.75
qbert,20000,2025-10-31 15:24:15.802484,125.0
qbert,30000,2025-10-31 16:01:00.919591,125.0
qbert,40000,2025-10-31 16:38:40.986962,125.0
qbert,50000,2025-10-31 17:14:25.827934,125.0
qbert,60000,2025-10-31 17:49:10.354554,229.75
qbert,70000,2025-10-31 18:23:53.422379,125.0
qbert,80000,2025-10-31 18:59:03.894003,350.0
qbert,90000,2025-10-31 19:34:46.001264,329.5
qbert,100000,2025-10-31 20:10:23.617941,346.0
qbert,110000,2025-10-31 20:45:46.269925,349.25
qbert,120000,2025-10-31 21:21:41.524992,347.5
qbert,130000,2025-10-31 21:57:16.314891,345.5
qbert,140000,2025-10-31 22:33:09.157928,345.0
qbert,150000,2025-10-31 23:09:09.195402,350.0
qbert,160000,2025-10-31 23:44:51.607463,350.0
qbert,170000,2025-11-01 00:20:26.153198,350.0
qbert,180000,2025-11-01 00:56:43.721622,350.0
qbert,190000,2025-11-01 01:32:11.690968,350.0
qbert,200000,2025-11-01 02:08:28.757709,350.0
qbert,210000,2025-11-01 02:44:43.604446,350.0
qbert,220000,2025-11-01 03:20:48.775034,350.0
qbert,230000,2025-11-01 03:56:47.065802,350.0
qbert,240000,2025-11-01 04:32:09.843535,350.0
qbert,250000,2025-11-01 05:07:58.474968,350.0
qbert,260000,2025-11-01 05:43:49.977000,350.0
qbert,270000,2025-11-01 06:19:44.608289,350.0
qbert,280000,2025-11-01 06:55:43.920450,350.0
qbert,290000,2025-11-01 07:31:50.967961,350.0
qbert,300000,2025-11-01 08:07:28.990593,350.0
qbert,310000,2025-11-01 08:42:40.961751,350.0
qbert,320000,2025-11-01 09:18:03.050086,350.0
qbert,330000,2025-11-01 09:53:18.453169,350.0
qbert,340000,2025-11-01 10:28:40.858248,350.0
qbert,350000,2025-11-01 11:04:00.051642,350.0
qbert,360000,2025-11-01 11:40:16.633442,387.0
qbert,370000,2025-11-01 12:16:30.409360,391.5
qbert,380000,2025-11-01 12:53:42.027496,400.0
qbert,390000,2025-11-01 13:30:37.377224,400.0
qbert,400000,2025-11-01 14:07:05.495910,400.0
road_runner,10000,2025-10-29 08:17:08.857040,3.0
road_runner,20000,2025-10-29 08:45:12.540944,0.0
road_runner,30000,2025-10-29 09:14:02.947616,0.0
road_runner,40000,2025-10-29 09:42:25.834394,0.0
road_runner,50000,2025-10-29 10:13:28.427469,0.0
road_runner,60000,2025-10-29 10:57:02.952868,150.0
road_runner,70000,2025-10-29 11:41:47.114138,961.0
road_runner,80000,2025-10-29 12:25:56.780176,960.0
road_runner,90000,2025-10-29 13:08:32.975756,965.0
road_runner,100000,2025-10-29 13:53:04.639637,967.0
road_runner,110000,2025-10-29 14:35:32.160527,962.0
road_runner,120000,2025-10-29 15:18:50.395155,957.0
road_runner,130000,2025-10-29 16:00:36.673148,971.0
road_runner,140000,2025-10-29 16:43:15.158406,966.0
road_runner,150000,2025-10-29 17:24:55.579811,969.0
road_runner,160000,2025-10-29 18:05:52.891481,959.0
road_runner,170000,2025-10-29 18:49:55.399835,968.0
road_runner,180000,2025-10-29 19:32:11.264962,962.0
road_runner,190000,2025-10-29 20:14:01.652283,965.0
road_runner,200000,2025-10-29 20:56:02.177142,957.0
road_runner,210000,2025-10-29 21:40:38.682720,961.0
road_runner,220000,2025-10-29 22:22:49.957307,963.0
road_runner,230000,2025-10-29 23:06:33.623844,963.0
road_runner,240000,2025-10-29 23:49:18.034488,964.0
road_runner,250000,2025-10-30 00:30:56.319746,972.0
road_runner,260000,2025-10-30 01:15:01.785551,957.0
road_runner,270000,2025-10-30 01:57:20.265342,960.0
road_runner,280000,2025-10-30 02:39:08.495002,960.0
road_runner,290000,2025-10-30 03:23:40.156830,958.0
road_runner,300000,2025-10-30 04:05:33.878604,953.0
road_runner,310000,2025-10-30 04:47:57.940210,963.0
road_runner,320000,2025-10-30 05:31:43.296483,966.0
road_runner,330000,2025-10-30 06:13:28.324183,969.0
road_runner,340000,2025-10-30 06:57:45.666936,967.0
road_runner,350000,2025-10-30 07:39:11.182825,972.0
road_runner,360000,2025-10-30 08:20:59.186558,963.0
road_runner,370000,2025-10-30 09:05:55.376451,963.0
road_runner,380000,2025-10-30 09:48:10.541136,960.0
road_runner,390000,2025-10-30 10:29:21.815744,961.0
road_runner,400000,2025-10-30 11:08:12.866378,964.0
seaquest,10000,2025-10-29 07:11:31.710815,258.79998779296875
seaquest,20000,2025-10-29 07:44:16.533731,19.399999618530273
seaquest,30000,2025-10-29 10:18:46.903687,49.20000076293945
seaquest,40000,2025-10-29 10:54:52.729381,80.0
seaquest,50000,2025-10-29 11:37:07.966257,166.60000610351562
seaquest,60000,2025-10-29 12:20:55.674804,273.20001220703125
seaquest,70000,2025-10-29 13:03:31.333513,296.79998779296875
seaquest,80000,2025-10-29 13:45:42.663101,253.1999969482422
seaquest,90000,2025-10-29 14:25:49.035216,250.0
seaquest,100000,2025-10-29 15:09:35.117757,335.0
seaquest,110000,2025-10-29 15:52:14.182903,367.0
seaquest,120000,2025-10-29 16:37:16.582203,398.3999938964844
seaquest,130000,2025-10-29 17:18:49.312385,376.3999938964844
seaquest,140000,2025-10-29 18:00:12.742532,373.20001220703125
seaquest,150000,2025-10-29 18:46:51.901330,408.3999938964844
seaquest,160000,2025-10-29 19:31:14.064348,414.6000061035156
seaquest,170000,2025-10-29 20:15:34.551408,435.3999938964844
seaquest,180000,2025-10-29 20:58:35.637128,370.20001220703125
seaquest,190000,2025-10-29 21:46:32.813240,479.0
seaquest,200000,2025-10-29 22:29:18.319197,392.3999938964844
seaquest,210000,2025-10-29 23:13:53.525724,399.79998779296875
seaquest,220000,2025-10-29 23:57:47.412267,451.6000061035156
seaquest,230000,2025-10-30 00:42:18.824341,469.6000061035156
seaquest,240000,2025-10-30 01:29:33.204863,492.3999938964844
seaquest,250000,2025-10-30 02:14:26.025814,495.20001220703125
seaquest,260000,2025-10-30 02:59:50.869596,480.6000061035156
seaquest,270000,2025-10-30 03:45:50.810688,488.3999938964844
seaquest,280000,2025-10-30 04:31:26.170135,524.2000122070312
seaquest,290000,2025-10-30 05:19:22.870999,507.20001220703125
seaquest,300000,2025-10-30 06:04:45.546109,547.7999877929688
seaquest,310000,2025-10-30 06:52:13.683927,513.7999877929688
seaquest,320000,2025-10-30 07:37:35.480832,534.7999877929688
seaquest,330000,2025-10-30 08:23:12.536209,558.2000122070312
seaquest,340000,2025-10-30 09:12:00.638697,561.7999877929688
seaquest,350000,2025-10-30 09:58:31.944896,557.5999755859375
seaquest,360000,2025-10-30 10:44:17.227257,571.0
seaquest,370000,2025-10-30 11:27:42.742634,569.5999755859375
seaquest,380000,2025-10-30 12:16:14.015250,545.5999755859375
seaquest,390000,2025-10-30 13:02:38.733576,589.0
seaquest,400000,2025-10-30 13:49:38.097507,592.2000122070312
up_n_down,10000,2025-10-12 11:53:14.090226,406.1000061035156
up_n_down,20000,2025-10-12 12:49:07.937641,30.0
up_n_down,30000,2025-10-12 13:47:11.064621,30.0
up_n_down,40000,2025-10-12 14:22:57.104281,1420.0999755859375
up_n_down,50000,2025-10-12 14:58:03.879652,813.4000244140625
up_n_down,60000,2025-10-12 15:29:22.697036,877.5999755859375
up_n_down,70000,2025-10-12 16:04:56.660701,1677.9000244140625
up_n_down,80000,2025-10-12 16:44:13.541476,2118.0
up_n_down,90000,2025-10-12 17:19:10.121668,2080.699951171875
up_n_down,100000,2025-10-12 17:56:14.251607,2234.60009765625
up_n_down,110000,2025-10-12 18:38:32.066341,4075.199951171875
up_n_down,120000,2025-10-12 19:21:42.547387,3850.699951171875
up_n_down,130000,2025-10-12 19:57:01.619446,2110.800048828125
up_n_down,140000,2025-10-12 20:31:48.308310,1625.699951171875
up_n_down,150000,2025-10-12 21:10:33.140258,3292.199951171875
up_n_down,160000,2025-10-12 21:45:45.276665,2544.60009765625
up_n_down,170000,2025-10-12 22:21:55.815895,2666.89990234375
up_n_down,180000,2025-10-12 22:57:17.639666,3872.5
up_n_down,190000,2025-10-12 23:34:24.421920,3540.39990234375
up_n_down,200000,2025-10-13 00:13:14.133501,4214.60009765625
up_n_down,210000,2025-10-13 00:53:09.748599,4599.7998046875
up_n_down,220000,2025-10-13 01:30:42.469394,3595.10009765625
up_n_down,230000,2025-10-13 02:08:02.681334,4157.60009765625
up_n_down,240000,2025-10-13 02:46:58.156428,4161.0
up_n_down,250000,2025-10-13 03:22:24.868783,3926.300048828125
up_n_down,260000,2025-10-13 04:00:38.648191,3763.0
up_n_down,270000,2025-10-13 04:37:58.672781,3836.300048828125
up_n_down,280000,2025-10-13 05:12:23.472651,3168.0
up_n_down,290000,2025-10-13 05:46:26.329686,3409.60009765625
up_n_down,300000,2025-10-13 06:25:57.561253,3987.300048828125
up_n_down,310000,2025-10-13 07:04:04.207003,4220.89990234375
up_n_down,320000,2025-10-13 07:43:14.776977,4615.7998046875
up_n_down,330000,2025-10-13 08:24:04.014263,4531.0
up_n_down,340000,2025-10-13 09:05:04.176462,4710.7001953125
up_n_down,350000,2025-10-13 09:45:19.339269,4966.5
up_n_down,360000,2025-10-13 10:28:43.500978,5638.7998046875
up_n_down,370000,2025-10-13 11:12:21.985359,4983.60009765625
up_n_down,380000,2025-10-13 12:03:47.894288,5041.2001953125
up_n_down,390000,2025-10-13 12:51:24.284137,5633.7001953125
up_n_down,400000,2025-10-13 13:37:09.920429,4816.5
